Dataset,Accuracy
train,96.35523722743744
test,96.35895549834498
sunny,73.69437293122472
sunny_gan,86.97501329080276
cloudy,74.28282456785583
cloudy_gan,84.47634237107921
